{
  "epoch": 1,
  "batch": 2500,
  "total_batches": 5250,
  "avg_loss": 0.29044930653733564,
  "timestamp": "2026-02-24T09:43:46.320139"
}